{
  "benchmark": "terminal-pipeline",
  "label": "baseline-jul02",
  "timestamp": "2026-07-03T01:15:36.499Z",
  "terminal": {
    "program": "ghostty",
    "version": "1.3.1",
    "term": "xterm-ghostty",
    "cols": 195,
    "rows": 50,
    "tty": true
  },
  "machine": {
    "platform": "darwin",
    "arch": "arm64",
    "cpu": "Apple M4",
    "release": "25.2.0",
    "node": "v26.0.0"
  },
  "config": {
    "sizeMb": 10,
    "iterations": 5,
    "dsrCount": 200
  },
  "dsrIdle": {
    "count": 200,
    "p50": 0.19437500000003638,
    "p90": 0.28274999999996453,
    "p99": 0.7157499999999573,
    "max": 1.139250000000004,
    "timeouts": 0
  },
  "throughput": [
    {
      "fixture": "ascii-log",
      "fixtureBytes": 10485767,
      "wallMs": {
        "count": 5,
        "p50": 107.54324999999994,
        "p90": 110.16970800000013,
        "p99": 110.16970800000013,
        "max": 110.16970800000013
      },
      "mbPerSec": {
        "count": 5,
        "p50": 92.98590730445864,
        "p90": 94.26480023982661,
        "p99": 94.26480023982661,
        "max": 94.26480023982661
      }
    },
    {
      "fixture": "cjk-emoji",
      "fixtureBytes": 10485782,
      "wallMs": {
        "count": 5,
        "p50": 94.36416700000018,
        "p90": 95.08550000000014,
        "p99": 95.08550000000014,
        "max": 95.08550000000014
      },
      "mbPerSec": {
        "count": 5,
        "p50": 105.97265147092267,
        "p90": 121.20894788314553,
        "p99": 121.20894788314553,
        "max": 121.20894788314553
      }
    },
    {
      "fixture": "agent-tui",
      "fixtureBytes": 10486087,
      "wallMs": {
        "count": 5,
        "p50": 128.88804200000004,
        "p90": 157.06174999999985,
        "p99": 157.06174999999985,
        "max": 157.06174999999985
      },
      "mbPerSec": {
        "count": 5,
        "p50": 77.58913624819797,
        "p90": 83.67685741331184,
        "p99": 83.67685741331184,
        "max": 83.67685741331184
      }
    },
    {
      "fixture": "styles-stress",
      "fixtureBytes": 10485775,
      "wallMs": {
        "count": 5,
        "p50": 93.27766700000029,
        "p90": 94.88462499999969,
        "p99": 94.88462499999969,
        "max": 94.88462499999969
      },
      "mbPerSec": {
        "count": 5,
        "p50": 107.20695131788315,
        "p90": 108.70407862679501,
        "p99": 108.70407862679501,
        "max": 108.70407862679501
      }
    }
  ],
  "dsrUnderLoad": {
    "paceBytesPerSec": 1048576,
    "count": 50,
    "p50": 0.20724999999947613,
    "p90": 0.31195800000023155,
    "p99": 6.07287499999984,
    "max": 6.07287499999984,
    "timeouts": 0
  }
}
