{
  "benchmark": "terminal-pipeline",
  "label": "prod-rc-1.4.121",
  "timestamp": "2026-07-03T07:50:57.563Z",
  "terminal": {
    "program": "Orca",
    "version": "1.4.121-rc.0",
    "term": "xterm-256color",
    "cols": 114,
    "rows": 85,
    "tty": true
  },
  "machine": {
    "platform": "darwin",
    "arch": "arm64",
    "cpu": "Apple M4",
    "release": "25.2.0",
    "node": "v26.0.0"
  },
  "config": {
    "sizeMb": 10,
    "iterations": 5,
    "dsrCount": 200
  },
  "dsrIdle": {
    "count": 200,
    "p50": 0.44337500000006,
    "p90": 1.1750409999999647,
    "p99": 118.32008399999995,
    "max": 132.676959,
    "timeouts": 0
  },
  "throughput": [
    {
      "fixture": "ascii-log",
      "fixtureBytes": 10485767,
      "wallMs": {
        "count": 5,
        "p50": 907.2806660000001,
        "p90": 974.0933340000001,
        "p99": 974.0933340000001,
        "max": 974.0933340000001
      },
      "mbPerSec": {
        "count": 5,
        "p50": 11.021955002973923,
        "p90": 12.697340893816287,
        "p99": 12.697340893816287,
        "max": 12.697340893816287
      }
    },
    {
      "fixture": "cjk-emoji",
      "fixtureBytes": 10485782,
      "wallMs": {
        "count": 5,
        "p50": 821.5044170000001,
        "p90": 922.7275409999984,
        "p99": 922.7275409999984,
        "max": 922.7275409999984
      },
      "mbPerSec": {
        "count": 5,
        "p50": 12.172814623874334,
        "p90": 15.028801300957284,
        "p99": 15.028801300957284,
        "max": 15.028801300957284
      }
    },
    {
      "fixture": "agent-tui",
      "fixtureBytes": 10486459,
      "wallMs": {
        "count": 5,
        "p50": 895.6726660000004,
        "p90": 939.9889590000002,
        "p99": 939.9889590000002,
        "max": 939.9889590000002
      },
      "mbPerSec": {
        "count": 5,
        "p50": 11.16553736423521,
        "p90": 11.476432557326321,
        "p99": 11.476432557326321,
        "max": 11.476432557326321
      }
    },
    {
      "fixture": "styles-stress",
      "fixtureBytes": 10485774,
      "wallMs": {
        "count": 5,
        "p50": 962.8965839999983,
        "p90": 1023.915500000001,
        "p99": 1023.915500000001,
        "max": 1023.915500000001
      },
      "mbPerSec": {
        "count": 5,
        "p50": 10.385345132183424,
        "p90": 10.678530762733823,
        "p99": 10.678530762733823,
        "max": 10.678530762733823
      }
    }
  ],
  "dsrUnderLoad": {
    "paceBytesPerSec": 1048576,
    "count": 50,
    "p50": 18.635999999998603,
    "p90": 23.42462499999965,
    "p99": 29.698333000000275,
    "max": 29.698333000000275,
    "timeouts": 0
  }
}
