{
  "benchmark": "terminal-pipeline",
  "label": "baseline-jul02",
  "timestamp": "2026-07-03T01:13:35.758Z",
  "terminal": {
    "program": "Orca",
    "version": "1.4.91",
    "term": "xterm-256color",
    "cols": 114,
    "rows": 85,
    "tty": true
  },
  "machine": {
    "platform": "darwin",
    "arch": "arm64",
    "cpu": "Apple M4",
    "release": "25.2.0",
    "node": "v26.0.0"
  },
  "config": {
    "sizeMb": 10,
    "iterations": 5,
    "dsrCount": 200
  },
  "dsrIdle": {
    "count": 200,
    "p50": 0.6944579999999974,
    "p90": 5.172749999999951,
    "p99": 22.682000000000016,
    "max": 29.694584000000077,
    "timeouts": 0
  },
  "throughput": [
    {
      "fixture": "ascii-log",
      "fixtureBytes": 10485767,
      "wallMs": {
        "count": 5,
        "p50": 769.1521660000003,
        "p90": 930.617459,
        "p99": 930.617459,
        "max": 930.617459
      },
      "mbPerSec": {
        "count": 5,
        "p50": 13.001337209677974,
        "p90": 13.263896170152437,
        "p99": 13.263896170152437,
        "max": 13.263896170152437
      }
    },
    {
      "fixture": "cjk-emoji",
      "fixtureBytes": 10485782,
      "wallMs": {
        "count": 5,
        "p50": 666.630083,
        "p90": 769.2970410000007,
        "p99": 769.2970410000007,
        "max": 769.2970410000007
      },
      "mbPerSec": {
        "count": 5,
        "p50": 15.000854650651823,
        "p90": 17.00796526725481,
        "p99": 17.00796526725481,
        "max": 17.00796526725481
      }
    },
    {
      "fixture": "agent-tui",
      "fixtureBytes": 10486459,
      "wallMs": {
        "count": 5,
        "p50": 4935.6103330000005,
        "p90": 5991.0535,
        "p99": 5991.0535,
        "max": 5991.0535
      },
      "mbPerSec": {
        "count": 5,
        "p50": 2.0262269392463335,
        "p90": 2.1317889684101723,
        "p99": 2.1317889684101723,
        "max": 2.1317889684101723
      }
    },
    {
      "fixture": "styles-stress",
      "fixtureBytes": 10485774,
      "wallMs": {
        "count": 5,
        "p50": 1277.6687080000047,
        "p90": 2020.588208000001,
        "p99": 2020.588208000001,
        "max": 2020.588208000001
      },
      "mbPerSec": {
        "count": 5,
        "p50": 7.826765490010258,
        "p90": 8.91418468880451,
        "p99": 8.91418468880451,
        "max": 8.91418468880451
      }
    }
  ],
  "dsrUnderLoad": {
    "paceBytesPerSec": 1048576,
    "count": 50,
    "p50": 133.92545800000516,
    "p90": 184.93379200000345,
    "p99": 292.1940420000028,
    "max": 292.1940420000028,
    "timeouts": 0
  }
}
