{
  "benchmark": "terminal-pipeline",
  "label": "baseline-jul02",
  "timestamp": "2026-07-03T01:14:56.619Z",
  "terminal": {
    "program": "Apple_Terminal",
    "version": "466",
    "term": "xterm-256color",
    "cols": 80,
    "rows": 24,
    "tty": true
  },
  "machine": {
    "platform": "darwin",
    "arch": "arm64",
    "cpu": "Apple M4",
    "release": "25.2.0",
    "node": "v26.0.0"
  },
  "config": {
    "sizeMb": 10,
    "iterations": 5,
    "dsrCount": 200
  },
  "dsrIdle": {
    "count": 200,
    "p50": 0.35495800000001054,
    "p90": 0.4861670000000231,
    "p99": 0.6817499999999654,
    "max": 0.8802500000000464,
    "timeouts": 0
  },
  "throughput": [
    {
      "fixture": "ascii-log",
      "fixtureBytes": 10485767,
      "wallMs": {
        "count": 5,
        "p50": 255.169625,
        "p90": 261.48012500000004,
        "p99": 261.48012500000004,
        "max": 261.48012500000004
      },
      "mbPerSec": {
        "count": 5,
        "p50": 39.18964365652931,
        "p90": 40.31244151336906,
        "p99": 40.31244151336906,
        "max": 40.31244151336906
      }
    },
    {
      "fixture": "cjk-emoji",
      "fixtureBytes": 10485782,
      "wallMs": {
        "count": 5,
        "p50": 268.68208300000015,
        "p90": 271.7308750000002,
        "p99": 271.7308750000002,
        "max": 271.7308750000002
      },
      "mbPerSec": {
        "count": 5,
        "p50": 37.218786117699395,
        "p90": 43.7027084951767,
        "p99": 43.7027084951767,
        "max": 43.7027084951767
      }
    },
    {
      "fixture": "agent-tui",
      "fixtureBytes": 10486147,
      "wallMs": {
        "count": 5,
        "p50": 268.55675000000065,
        "p90": 272.7946670000001,
        "p99": 272.7946670000001,
        "max": 272.7946670000001
      },
      "mbPerSec": {
        "count": 5,
        "p50": 37.23745194250536,
        "p90": 37.74582959818335,
        "p99": 37.74582959818335,
        "max": 37.74582959818335
      }
    },
    {
      "fixture": "styles-stress",
      "fixtureBytes": 10485769,
      "wallMs": {
        "count": 5,
        "p50": 456.44829200000004,
        "p90": 465.0257079999992,
        "p99": 465.0257079999992,
        "max": 465.0257079999992
      },
      "mbPerSec": {
        "count": 5,
        "p50": 21.908305405749765,
        "p90": 22.363718752676004,
        "p99": 22.363718752676004,
        "max": 22.363718752676004
      }
    }
  ],
  "dsrUnderLoad": {
    "paceBytesPerSec": 1048576,
    "count": 50,
    "p50": 0.44887500000004366,
    "p90": 3.032791999999972,
    "p99": 7.881083000000217,
    "max": 7.881083000000217,
    "timeouts": 0
  }
}
